Name,Savalus Ben
Name,Joe Blackwell
Name,Preston Bouldin
Name,Carter O. Boyd
Name,Berry Branch Sr.
Name,Alonza Brooks Jr.
Name,John Brown
Name,Memphis David Carter
Name,James Charles Jr.
Name,Eddie Collins
Name,Ernest Collins
Name,Cherry Connally
Name,Charley Curry
Name,Marcell Dixson
Name,Levi Dorsey
Name,Isaiah Edwards
Name,Mott Flournoy
Name,Roosevelt Furr
Name,Otis Lawrence Gardner
Name,Otis Gardner
Name,Dorothy Godley
Name,Richard Gordon Jr.
Name,Henry Gray
Name,David Gregory
Name,Mayse Grey
Name,John Griggs
Name,William Earl Harrison
Name,Quinzy Hill
Name,Thomas Howell
Name,George Hughes
Name,Ellis Hutson Sr.
Name,George Johnson
Name,Willie Julius
Name,Charlie Cleveland Kimble
Name,Ephron King
Name,Robert Kinnebrew
Name,Dave Lamar
Name,John Earl Leslie
Name,Kenney Robert Long
Name,W. S. Lovell
Name,Carroll Manning
Name,Leonard McCowin
Name,Ernest McDay
Name,Bennie Mitchell Jr.
Name,Leonard Morrison
Name,W. D. Register
Name,Herbert Benjamin Richardson
Name,Bill Roan
Name,Jack Robinson
Name,Jack Robinson
Name,Robert Simpson
Name,Billy Singleton
Name,Zack T. Taylor Jr.
Name,Charles Teel
Name,John L. Thomas
Name,Frank Thomas
Name,Dave Tillis
Name,Walter Toliver
Name,Willie Vinson
Name,Caldwell Washington
Name,Bob White
Name,Ernest Williams
Name,Howard Wilpitz
Name,Tommie Woods
Name,Pinkie
Name,Buck Aaron
Name,Leslie Anderson
Name,Robert Barton
Name,Robert Beard
Name,Ennis Bell
Name,Collin Bendolph
Name,Milo Bentley
Name,Henry Berry
Name,Lorenza Best
Name,Jack Bloodworth
Name,L. R. Boaz
Name,Elmore Bolling
Name,Rufus Bowen
Name,Edward Bracey
Name,Hilliard Brooks
Name,Charles Brown
Name,Niece Brown
Name,Stephen Brown
Name,Brown
Name,Henry Brown Jr.
Name,John Brown
Name,Bettie Jean Bunn
Name,Ezekiel Burrell
Name,Eugene Burt
Name,Woodrow Allen Bush
Name,Henry A. Bush
Name,Leonard Butler
Name,Willie B. Carlisle
Name,Alfred Carter Jr.
Name,Russell Charlie
Name,Percy Charlie
Name,Jesse Cobb
Name,Lonnie Roudolph Cobb
Name,Collin Coleman
Name,Arthur Collins
Name,Willie Lee Cooper
Name,Ed Craig
Name,Douglas Crawford
Name,Dennis Cross
Name,James Crowley
Name,Susie Dandridge
Name,Walter West Dandridge
Name,William M. Daniel
Name,Edna Davis
Name,Rayfield D. Davis
Name,William Davis
Name,Willie Davis
Name,Hattie Debardelaben
Name,Corinne Dial
Name,Mitchell Dunklin
Name,Ed Edwards
Name,John Wesley Edwards
Name,Leonard Stack English
Name,Knox Fail
Name,Edward Ford
Name,Willie Foster
Name,McKinley Fox
Name,Henry Gardner
Name,David Garrett
Name,Archie Lee Gilder
Name,Eddie Gildersleeve
Name,Dan Goins
Name,Henry Gordon
Name,Ralph Gray
Name,Charlie Grays
Name,Edward Green
Name,Walter Green
Name,Neal Guinn
Name,Walter Gunn
Name,Lester A. Hammer
Name,A. T. Harden
Name,Refter Hardy
Name,Charles Harris
Name,Eddie B. Harris
Name,Zan Harris
Name,Lewis Hayes
Name,O. D. Henderson
Name,Jessie B. Hightower
Name,Sylvester Hobdy
Name,Carlton Holloway
Name,Jessie Hood
Name,Timothy Hood
Name,Charlie Louis Howard
Name,William Hudgins
Name,Daniel Webster Hunter
Name,Eddie Jackson
Name,John Jackson
Name,Clifford James
Name,Robert James Jr.
Name,Thomas Jasper
Name,Joe Spinner Johnson
Name,John Johnson
Name,W. M. Johnson
Name,Wesley Johnson
Name,Moses Jones
Name,Vernon Kidd
Name,Hayes Kinney
Name,Ocie Knox
Name,Benson Lamar
Name,Robert Langston
Name,Elizabeth Lawrence
Name,Harrison Lee
Name,Henry Lee
Name,Charlie Lewis
Name,Jessie Lewis
Name,Ed Lewis
Name,Willie James Little
Name,William Pim Lockwood
Name,Sylvester Lovejoy
Name,Willie Mack
Name,Ike Madden
Name,Roy Mann
Name,Eugene Martin
Name,Jonas Martin
Name,Henry Mathews
Name,Manester Matthews
Name,Prinest McCann
Name,Willie McCormick
Name,Della McDuffie
Name,Will McDuffie
Name,Luke McElroy
Name,Robert McIntosh
Name,George McLain
Name,Jim McMullen
Name,Raymond McMurray
Name,Cliff Means
Name,James Meriweather
Name,Alfonzo Merritt
Name,Charlie Green Miller
Name,Allen Milton
Name,Joe Mims
Name,Albert Moore
Name,Willie Ruth Mosley
Name,Ivy Moss
Name,Frank Nash
Name,Daniel Nealy
Name,Marion Franklin Noble
Name,Mary Lizzie Norris
Name,Wash Palmore
Name,Otis Parham
Name,Ocie Parker
Name,Tom Patterson Jr.
Name,Tilton Young Pennington
Name,Joe Webster Perkins Jr.
Name,Freddie Perryman
Name,Dan Pippen Jr.
Name,James Pruitt
Name,Philip Ratcliff
Name,Reeder
Name,Esau Robinson
Name,Jimmie Gilbert Robinson
Name,John Newton Robinson
Name,Thomas Robinson
Name,Willie Robinson
Name,Henry Robinson
Name,Nep Roland
Name,Frank Earnest Roper
Name,James Royal
Name,John Rulse
Name,James Edward Samuels
Name,Theodore Wesley Samuels
Name,Robert Sands
Name,Tom Scott
Name,Atmos Shaw
Name,Daniel Lee Simms
Name,Robert Smiley Jr.
Name,Earnest Smith
Name,John Lewis Smith
Name,Raymond Smith Jr.
Name,Joe Solde
Name,James Starnes
Name,Amos Starr
Name,Willie Sterling
Name,John D. Studmire
Name,George Taylor
Name,George Teague Jr.
Name,Edgar Bernard Thomas Sr.
Name,James David Thomas
Name,William Thomas
Name,Herbert Thompson
Name,Roosevelt Thompson
Name,Solomon Thompson
Name,Jesse Thornton
Name,Roosevelt Tinsley
Name,John Henry Tucker
Name,Fred Tutt
Name,John Lester Vann
Name,Lott Vergess
Name,Edward A. Waithe
Name,James Walter Walker
Name,Arthur Lee Walton
Name,Eugene Ward
Name,Leonard Ward
Name,Willie Washington
Name,Smith Watkins
Name,Jesse Watson Jr.
Name,Samuel Watson Jr.
Name,Walter Weston Jr.
Name,Leroy Whatley
Name,Eugene Whitfield
Name,Charlie Williams
Name,Henry Williams
Name,Ike Williams
Name,Samuel Lee Williams
Name,Willie Malachi Williams
Name,Dave Wilson
Name,John Henry Wilson
Name,Theris Rudolph Wood
Name,Charlie Wright
Name,James Marzell Wright
Name,Johnnie Young
Name,Will
Name,Henry Bailey
Name,Isadore Banks
Name,Alice Brown
Name,Willie Burns
Name,Willie Butler
Name,William Clark
Name,Herman Clay
Name,Theodore Roosevelt Curry
Name,Ralph Donaldson
Name,Charles Evans
Name,Dave Foots Jr.
Name,Thomas P. Foster
Name,Walter Lee Frazier
Name,James W. Goode
Name,Adam Green
Name,Willie T. Hale
Name,Earley Bird Hamilton
Name,Willie Henry
Name,Henry Jackson
Name,Thomas Jackson
Name,Will Jones
Name,Willie Kees
Name,George Miller
Name,Mose Miller
Name,John L. Morgan
Name,Johnnie Parker
Name,Hamp Richard
Name,Zollner Sullivan
Name,David Titsworth
Name,James A. Tolliver
Name,Frank Tucker
Name,Johnnie Walker
Name,Wince Walton
Name,Haif G. Williams
Name,Harvey Wilson
Name,Herman Wilson
Name,Leon
Name,Edward Allen
Name,Hosea W. Allen
Name,Eddie Amos
Name,Lieutenant Baity
Name,Fred Baldwin
Name,Dave Berieum
Name,Leroy Bradwell
Name,Robert Brown
Name,Randell P. Butler
Name,Canary Campbell
Name,Stafford Gamalious Dames Jr.
Name,Joe Dean
Name,William H. Dotson
Name,Lila Mae Dye
Name,J. C. Evans
Name,Calvin Fields
Name,Gerald Fitzsimons
Name,George Floyd
Name,James Franklin
Name,James Fuller
Name,Toby Glymph
Name,James Green
Name,Joe Griffin
Name,William Harmon
Name,Leslie Harris
Name,Cellos Harrison
Name,Richard Hawkins
Name,Willie Frank Hawthorne
Name,Red Henderson
Name,Leroy Lee Hepburn
Name,Robert James Hill
Name,A. C. Hopkins
Name,Willie James Howard
Name,Samson Ingram
Name,Clifford Jackson
Name,Wilbert Jackson
Name,Emmett Jefferson
Name,Cap Johnson
Name,Grant Johnson
Name,Jack Johnson
Name,John Johnson
Name,Stephney Johnson
Name,Lessie Mae Johnson
Name,Lizzie Johnson
Name,Paul Rex Johnson
Name,Richard Johnson
Name,Robert Johnson
Name,Simon Johnson
Name,Leroy Johnson
Name,James Jones
Name,William Jones
Name,Granville Langston
Name,Charles Milton Lewis
Name,Leon Lewis
Name,Ellis W. Lindsey
Name,Cyline Louise
Name,Mailford
Name,Red Marks
Name,Tobe Marks
Name,John McCoy
Name,Sam Asking McFadden
Name,Walter Merkerson
Name,Nathaniel Miller
Name,Harriette T. Moore
Name,Harry T. Moore
Name,Therese Morgan
Name,J. O. Moses
Name,David Myrick
Name,Claude Neal
Name,Frederick O'Neale
Name,Paul Orthey
Name,Jesse James Payne
Name,Eva Mae Phelts
Name,Ernest Ponder
Name,Boisey Potts
Name,Odis Price
Name,George Price
Name,Joe Rainey Jr.
Name,Edward Calvin Reeves
Name,Detroit Robinson
Name,Samuel Shepherd
Name,Johnnie Benjamin Smith
Name,Miles Smith Sr.
Name,Roosevelt Smith
Name,Sidney Louis Smith
Name,Charlie Smoke
Name,Richard Smoke
Name,Henry Sneed
Name,Lee Snell
Name,Rubin Stacy
Name,Jessie Strawman
Name,Ernest Thomas
Name,Henry Thomas
Name,Stepney Bland Tisdale
Name,Wyart Trueblood
Name,Jose Adrian Trujillo Seijas
Name,Morris Tucker
Name,Willie Vinson
Name,Gene Warkman
Name,Shang Warren
Name,John Watkin White
Name,Lamar White
Name,Joe Wickerson
Name,A. C. Williams
Name,Edward Williams
Name,John P. Williams
Name,Jessie Williams
Name,Manuel Williams
Name,Robert Williams
Name,Melvin Womack
Name,Henry Woods
Name,Delmar Woolbright
Name,Robert Woolbright
Name,Estes Wright
Name,Buckie Young
Name,George Alexander
Name,John Harvey Arline
Name,Phillip Baker
Name,Luther Battle
Name,Ernest Bell
Name,Jack L. Bell Jr.
Name,Flam Belle
Name,Bishop
Name,Douglas Lee Bishop
Name,Joseph R. Bolds
Name,William Brawner
Name,Jesse Bray
Name,Riley Brice
Name,Bo Brinson
Name,Austin Brown
Name,Mack Henry Brown
Name,William Henry Bryant
Name,Luther Bunkley
Name,Warren Burden
Name,Dock Burnett
Name,Nathan Burton
Name,Willie Frank Chambers
Name,John Willie Clark
Name,Wiley Cook
Name,Robert Cook
Name,Robert Cook Jr.
Name,Esau Copeland
Name,Buster Coxs
Name,Ike Crawford
Name,L. C. Culver
Name,George Curry
Name,Tom Watson Darden
Name,Gus Davidson
Name,Glover Davis
Name,Sephus Davis
Name,Willie Lee Davis
Name,Henry Davis
Name,Sam Devereaux
Name,Aaron Herman Schunell Dixon
Name,George Dorsey
Name,Mae Murray Dorsey
Name,Robert Dorsey
Name,John Dukes
Name,Tom Dunlap
Name,Johnny Gibbs Dunn
Name,Richard Evans
Name,Joe C. Everhart
Name,Thomas Finch
Name,James Fisher
Name,John Henry Ford
Name,Pearl Foster
Name,George Franks
Name,William Henry Gatewood
Name,Henry Gilbert
Name,John J. Gilbert
Name,John Glasper Jr.
Name,Lawrance B. Goodwell
Name,Lewis Gordon
Name,George Grant
Name,Jessie Grier
Name,Willie Gunn
Name,Curtis Hairston
Name,Felix Hall
Name,Bobbie Hall
Name,Ed Willett Hall
Name,Willie Hambrick
Name,Oscar Hambrick
Name,James Henry Harp
Name,Denice Harris
Name,Lewis Harris
Name,Madison Harris
Name,Caleb Hill Jr.
Name,James Ellis Holmes Jr.
Name,Cleve Horton
Name,Dennis Hubert
Name,Ollie Hunter
Name,James Irwin
Name,Charlie Jackson
Name,Will M. Jackson
Name,Curtis James
Name,Jesse Jefferson
Name,Emma Johnekin
Name,Arthur Johnson Jr.
Name,Willie Wheeler Johnson
Name,George Johnson
Name,Harrison Johnson
Name,Ivey Johnson
Name,Rufus Johnson
Name,Walter Lee Johnson
Name,William Johnson
Name,Henry Jones
Name,John Wesley Jones
Name,Bill Jones
Name,Henry Jordan
Name,Mack Josey
Name,Albert H. King
Name,Willie Kinsey
Name,William Kirby
Name,William Kirkland
Name,Judge Arthur Latimore
Name,Robert Lee
Name,Doyle Lee
Name,Carl Lofton
Name,Dorothy Malcolm
Name,Roger Malcolm
Name,Robert Childs Mallard
Name,Henry Manson
Name,Richard Marshall
Name,Sam Marshall
Name,Sutter Matthews
Name,Henry Maynard
Name,John Mays Jr.
Name,A. L. McCamy Jr.
Name,Walter Mills
Name,Maxwell Mills
Name,Matthew Milton
Name,S. S. Mincey
Name,Lacy Mitchell
Name,Jim Mitchell
Name,Alfred Montgomery
Name,Wilson Morgan
Name,Edward Murray
Name,Edward Neal
Name,George Neal
Name,Richard Nelson
Name,Robert Nelson
Name,Isaiah Nixon
Name,James C. Nobles
Name,James Walter Oliver
Name,Jack Parker
Name,Ira Lee Parker
Name,George Patterson
Name,M. C. Pitts
Name,Willie Pless
Name,Thomas Edison Porter
Name,Charlie Lee Price
Name,Willie Reed Jr.
Name,Willie Reeves
Name,Lemon Ricks
Name,Charlie Riggins
Name,Hollis Riles
Name,Joe Nathan Roberts
Name,Raymond Robinson
Name,John Rushin
Name,Henry Russell
Name,Robert J. Sapp
Name,Lent Shaw
Name,Ball Smith
Name,Charlie F. Smith
Name,James Smith
Name,Jonah Smith
Name,Robert Smith
Name,Macio Snipes
Name,Booker T. Spearman
Name,Dan W. Stephens
Name,Louise Stephens
Name,John Stokes
Name,Estella Strickland
Name,Denna Strickling
Name,Phinizy William Summerour
Name,L. S. Swanson
Name,John Tandell
Name,Sam Terry
Name,Henry P. Thomas
Name,Lovic M. Thomas
Name,T. J. Thomas
Name,Rose Torrence
Name,James Turner
Name,Porter Flournoy Turner
Name,Walter Turner
Name,J. T. Turner Jr.
Name,Bobbie Joe Turner
Name,Hattie Mae Turner
Name,Jimmie Lue Turner
Name,George J. Van Buren
Name,Clinton Walker
Name,Will Walker
Name,Willie James Watson
Name,Silas Welcher
Name,Harold White
Name,J. H. Wilkins
Name,Lovett Wimberly
Name,Ernest Wray
Name,Otis Wright
Name,Willie Amos Wright
Name,Willie Wright
Name,Andrew Wynn
Name,Alfred Adams Jr.
Name,Charles Anderson
Name,J. T. Anderson
Name,Henry Anding
Name,Charles Oliver Artis Jr.
Name,Woody Barrett
Name,Frank Thomas Bates
Name,Aaron Boyd Jr.
Name,Willie Bragg
Name,Elliott Brooks
Name,Roy Cyril Brooks
Name,William Brown
Name,Nathional Brown
Name,Danny Bryant
Name,Raymond Carr
Name,Chrispon H. Charles Jr.
Name,Alvin Chavis
Name,Edward Chinn
Name,Andrew Coycault
Name,Gladstone Vance Crosier
Name,Jessie Dangerfield
Name,T. C. Davis
Name,Clifton Dockins
Name,Alfred Adrian Emile
Name,Vinson Ford
Name,Henry Buddy Freeman
Name,Eddie Garrett
Name,Anthony James Goins
Name,Edward Green
Name,Samuel Green
Name,David Greene
Name,Joseph Leo Hardy
Name,Dave Hart
Name,Henry Hauser
Name,William House
Name,R. D. Howard
Name,Fell Jenkins
Name,Mack Jiles
Name,Stephen Johnson
Name,Frank Johnson
Name,Alvin H. Jones
Name,Bennie Jones
Name,Eugene Jones
Name,John C. Jones
Name,Charles Nolan Joseph
Name,Ocie Jugger
Name,Arthur Keels Jr.
Name,Willie Keys
Name,Thomas L. Knighton
Name,Owen Lang
Name,Mack Leslie
Name,Willie Levy
Name,Oscar Livingston
Name,L. C. Lloyd
Name,Nelson McAlpin
Name,Hattie McCray
Name,Leman McDaniel
Name,Levi McDaniel
Name,Andrew McLeod
Name,Morris Miller
Name,John Lester Mitchell
Name,Fred Moore
Name,Wilson Moran
Name,Elijah Myles
Name,Nelson Nash
Name,James Oliver
Name,Willie Osborn
Name,Grafton Page
Name,Clarence Price
Name,Willie Racket
Name,Eli Rhines
Name,C. D. Richardson
Name,Robert Richardson
Name,Wilbert Robinson
Name,Felton Robinson
Name,Willie Mae Roland
Name,Virginia Marie Senegal
Name,R. D. Skinner
Name,Wilmer Smith
Name,Oscar Smith Jr.
Name,H. Smith
Name,Pierre E. Sylve
Name,Joe Taylor
Name,Roosevelt Theodule
Name,Randolph Thomas
Name,Wesley Thomas
Name,Clarence Joseph Thompson
Name,Thompson
Name,Benjamin Wade
Name,Newt Walker
Name,Anderson Walls
Name,John White
Name,Horace Williams
Name,Edward Clifford Williams
Name,W. C. Williams
Name,Wallace Williams
Name,Russell Williams
Name,Jerome Wilson
Name,Moise Wilson
Name,N. C. Wishop
Name,Washington Adams
Name,E. J. Edgar Adams
Name,T. A. Allen
Name,Wilbur Anderson
Name,George Andrews
Name,Hollie Appleberry
Name,Samuel Bacon
Name,Claude Banks
Name,Henry Bedford
Name,Eugene Bell
Name,Sammie Lee Bland
Name,Edgar Brown
Name,Ozola Bryant
Name,Lewis Bryant
Name,Mary C. Burnside
Name,Mose Butcher
Name,Hosea Carter
Name,William Carter
Name,Robert Lee Cobb
Name,Ed Cole
Name,Joshua C. Collins
Name,Frank Cooks
Name,Jessie Covington Sr.
Name,Bill Cowart
Name,Algiers Crawford
Name,Annie Crawford
Name,Earnest Crawford
Name,Judge Crawford
Name,John Albert Denham
Name,Edd Dunlap
Name,Edward Earls
Name,J. D. Edwards
Name,Ramoud Eloie
Name,Tobe Falkner
Name,Coleman Franks
Name,Joe Lee Gladney
Name,J. B. Grant
Name,Ernest Green
Name,Tom Greene
Name,Willie Jack Hagwood
Name,Dan Hall
Name,Dave Harris
Name,Joseph Harris
Name,Ruby Nell Harris
Name,Thomas Harris
Name,Elwood Higginbotham
Name,Charlie Hughes
Name,Wade Hughes
Name,Smith Hughey
Name,Claude Otis Johnson
Name,Elijah Johnson
Name,Versie Johnson
Name,Robert Jones
Name,Tom Jones Jr.
Name,Winston Jones
Name,Frank Kincaide
Name,Charlie Lang
Name,Pig Lockett
Name,Joe Love
Name,Oliver Maxey
Name,Earnest Mayes
Name,Leon McAtee
Name,Minie McCallum
Name,Willie Bell McCallum
Name,Woodrow Wilson McClure
Name,Cleveland McCullough
Name,Boot Jack McDaniel
Name,Willie McDonald
Name,R. D. McGee
Name,Leon McGhee
Name,Wilder Charles McGowan
Name,Willie McSwine
Name,Matt James McWilliams
Name,Willie Merriweather
Name,Reuben Micou
Name,Louis Miller
Name,Estella Montgomery
Name,Lavert Moore
Name,Cressie Fullilove Moore
Name,Dooley Morton
Name,Eddie Nelson
Name,Albert Green Paden
Name,Walter Palmer
Name,Earl Perry
Name,Casey Pointer
Name,Albert Jordy Raboteau
Name,Texas Red
Name,Willie B. Ricks
Name,Noverta Robertson
Name,George Robinson
Name,Joseph H. Rodgers
Name,Richard Roscoe
Name,Baines Sanders
Name,James Sanders (Lewis)
Name,Melvin Santiel
Name,Tom Scott
Name,Isaac Simmons
Name,Edward Simms
Name,George Spann
Name,Edward Swiney
Name,George Thomas
Name,Isaac Thomas
Name,Frankie Thurman
Name,Roosevelt Townes
Name,Frank James Turner
Name,Jesse Turner
Name,R. J. Tyronne
Name,William Walker
Name,Howard Wash
Name,Holly White
Name,Steve Wiley
Name,Aaron Williams
Name,Arthur Williams
Name,Isiah Williams
Name,Jesse Williams
Name,Ulmer Williams
Name,Edgar Wolf
Name,Henry Wright
Name,Malcolm Wright
Name,Alfred Young
Name,Willie Young
Name,Henry Gray Andrews
Name,George Barrow
Name,Richard Bowden
Name,Jim Bradley
Name,Eugene Bridges
Name,Frank Alexander Burris
Name,Clarence Byrd
Name,Martin Chudick
Name,Mathew Clark
Name,Howard Cousins
Name,James Dallberry
Name,Will Dawkins
Name,Marvin Edmundson
Name,J. C. Farmer
Name,Fred Allen Fleming
Name,Joseph Gregory
Name,John P. Grimes
Name,Henry Hart
Name,James Hays
Name,Walter Henry
Name,Ralph Horton
Name,Garfield Hunter
Name,Carson Jones
Name,Bobby Lee Joyner
Name,Levi Lucas
Name,Frank Manning
Name,Carlyle William Mason
Name,Isaac J. Mayo
Name,John Daniel McCormick
Name,Clayton McKoy
Name,John D. McLean
Name,Robert Melker
Name,Fletcher H. Melvin
Name,Minnie Florence Mills
Name,Oliver Moore
Name,Otis Newsome Sr.
Name,Willie Pittman
Name,Edward Earl Ray
Name,Chester Robert Revis
Name,Dock Rogers
Name,Eleanor Rush
Name,Dan Carter Sanders
Name,Willie Belton Shuford
Name,Charles Simmons
Name,Rudolph F. Simmons
Name,Ishmel Simmons
Name,James H. Small
Name,Charlie L. Smith
Name,Willie David Speight
Name,Booker T. Spicely
Name,John D. Sutton
Name,Herbert Sutton
Name,Dennie Thrower
Name,Ned Turman
Name,Meb Vines Jr.
Name,Govan Ward
Name,Jesse Williams
Name,Roosevelt Wilson
Name,Woodrow Wilson
Name,Laura Wood
Name,Hitler
Name,Sam Alexander
Name,Duffy Barksdale
Name,Boom
Name,James Burts
Name,Henry Campbell
Name,Aletha Bell Carter
Name,Rosa Carter
Name,Arthur Davis
Name,Norris Dendy
Name,Willie Earle
Name,William Fowler
Name,Edward Franklin
Name,Moses C.  Fullwood
Name,Allen Green
Name,George Green
Name,Moses Greene
Name,Willie Jackson
Name,Dan Jenkins
Name,George Jeter
Name,Melwood Johnson
Name,Mary Johnson
Name,Robert Johnson
Name,Wesley Johnson
Name,Charles Green Jones
Name,Albert King Sr.
Name,Eck Knuckles
Name,Joe Lewis
Name,Jackson Littlejohn
Name,Frasier Lyle
Name,Clifton McCrae
Name,St. Clair V. Pressley
Name,Joseph Roland
Name,James Sanders
Name,Arthur Simmons
Name,Larry Stroud
Name,Bennie Thompson
Name,Bruce Tisdale
Name,James Walker Jr.
Name,Ellerbe Washington
Name,Carnell Williams
Name,Moses Wynns
Name,Frank Baker Allen
Name,Baxter Bell
Name,Jesse Lee Bonds
Name,Clarence Booker
Name,George W. Brooks
Name,Dillon Nelson Butler
Name,Levon Carlock
Name,James Cordie Cheek
Name,Robert Cotton
Name,Willie Crook
Name,Fred Davis
Name,Robert Gilbert Jr.
Name,Albert Gooden
Name,William Gordon
Name,Philip Hatley
Name,Will Jamison
Name,Earl O. Johnson
Name,James Johnson
Name,Johnson
Name,Roosevelt Jones
Name,George Hewitt Leatherman
Name,Will Marion
Name,James Mosby
Name,George Perkins Jr.
Name,Willie Proctor
Name,Melvin Randolph
Name,Harry Ross
Name,James Ellis Scales
Name,Benjamin Franklin Seldon
Name,Bedford Smith
Name,George Smith
Name,John W. Stinnett
Name,Milton R. Strickland
Name,Jimmie Wade
Name,Luther Watson
Name,William Whitehorn
Name,Virgal Wilkerson
Name,Elbert Williams
Name,Solomon Perry Banks
Name,Robert Austin Bradby
Name,Russell R. Bundy
Name,Gene Burris
Name,Tom Denson
Name,Earl Randolf French
Name,Paul Graves
Name,Chas Washington F. Haliburton
Name,Joe Hodnett
Name,Noah Huff
Name,Willie Hyter
Name,Weaver Johnson
Name,Herman Jones
Name,Joseph H. Mann
Name,James W. Martin
Name,Archie Muse
Name,Nelson H. Pendleton
Name,James William Robinson
Name,Macco Alston Santa Cruz
Name,George Smith Jr.
Name,Sam Taylor
Name,Shadrack Thompson
Name,Cora Wales
Name,William Wales
Name,Willie Watkins
Name,Walter Willis